id,name,image_id
1,Charlie,img_093.jpg
10,Frank,img_099.jpg
100,Isaac,img_070.jpg
101,Charlie,img_013.jpg
102,Eve,img_087.jpg
103,Charlie,img_009.jpg
104,Jack,img_040.jpg
105,Grace,img_065.jpg
106,Charlie,img_008.jpg
107,Jack,img_093.jpg
108,Charlie,img_031.jpg
109,Hannah,img_030.jpg
11,Bob,img_093.jpg
110,Frank,img_056.jpg
111,Jack,img_092.jpg
112,Charlie,img_065.jpg
113,Diana,img_074.jpg
114,Hannah,img_076.jpg
115,Bob,img_082.jpg
116,Alice,img_055.jpg
117,Isaac,img_075.jpg
118,Eve,img_019.jpg
119,Isaac,img_002.jpg
12,Bob,img_051.jpg
120,Diana,img_006.jpg
121,Eve,img_070.jpg
122,Isaac,img_055.jpg
123,Isaac,img_099.jpg
124,Eve,img_040.jpg
125,Hannah,img_016.jpg
126,Eve,img_069.jpg
127,Alice,img_017.jpg
128,Charlie,img_078.jpg
129,Frank,img_097.jpg
13,Bob,img_064.jpg
130,Charlie,img_051.jpg
131,Frank,img_073.jpg
132,Isaac,img_085.jpg
133,Charlie,img_098.jpg
134,Charlie,img_039.jpg
135,Jack,img_037.jpg
136,Eve,img_063.jpg
137,Frank,img_078.jpg
138,Grace,img_031.jpg
139,Grace,img_024.jpg
14,Alice,img_027.jpg
140,Diana,img_020.jpg
141,Isaac,img_083.jpg
142,Hannah,img_079.jpg
143,Diana,img_100.jpg
144,Jack,img_003.jpg
145,Diana,img_003.jpg
146,Grace,img_025.jpg
147,Alice,img_042.jpg
148,Bob,img_040.jpg
149,Grace,img_084.jpg
15,Charlie,img_099.jpg
150,Diana,img_018.jpg
151,Grace,img_058.jpg
152,Diana,img_099.jpg
153,Isaac,img_071.jpg
154,Eve,img_066.jpg
155,Eve,img_089.jpg
156,Hannah,img_013.jpg
157,Isaac,img_015.jpg
158,Jack,img_035.jpg
159,Diana,img_001.jpg
16,Hannah,img_017.jpg
160,Bob,img_001.jpg
161,Jack,img_007.jpg
162,Diana,img_033.jpg
163,Hannah,img_024.jpg
164,Alice,img_089.jpg
165,Diana,img_078.jpg
166,Isaac,img_013.jpg
167,Grace,img_100.jpg
168,Frank,img_091.jpg
169,Alice,img_073.jpg
17,Diana,img_039.jpg
170,Diana,img_066.jpg
171,Hannah,img_052.jpg
172,Grace,img_043.jpg
173,Alice,img_048.jpg
174,Charlie,img_009.jpg
175,Diana,img_071.jpg
176,Frank,img_036.jpg
177,Diana,img_037.jpg
178,Jack,img_052.jpg
179,Frank,img_022.jpg
18,Diana,img_068.jpg
180,Charlie,img_032.jpg
181,Bob,img_063.jpg
182,Eve,img_044.jpg
183,Diana,img_084.jpg
184,Grace,img_046.jpg
185,Hannah,img_099.jpg
186,Hannah,img_023.jpg
187,Isaac,img_010.jpg
188,Frank,img_075.jpg
189,Jack,img_034.jpg
19,Diana,img_044.jpg
190,Alice,img_065.jpg
191,Diana,img_058.jpg
192,Diana,img_007.jpg
193,Hannah,img_030.jpg
194,Jack,img_019.jpg
195,Hannah,img_075.jpg
196,Charlie,img_084.jpg
197,Alice,img_020.jpg
198,Grace,img_018.jpg
199,Grace,img_009.jpg
2,Charlie,img_064.jpg
20,Diana,img_093.jpg
200,Charlie,img_006.jpg
21,Hannah,img_010.jpg
22,Grace,img_013.jpg
23,Grace,img_017.jpg
24,Alice,img_058.jpg
25,Alice,img_093.jpg
26,Charlie,img_097.jpg
27,Hannah,img_077.jpg
28,Hannah,img_075.jpg
29,Charlie,img_074.jpg
3,Charlie,img_012.jpg
30,Frank,img_085.jpg
31,Grace,img_051.jpg
32,Isaac,img_096.jpg
33,Diana,img_026.jpg
34,Hannah,img_094.jpg
35,Isaac,img_028.jpg
36,Bob,img_059.jpg
37,Grace,img_073.jpg
38,Charlie,img_046.jpg
39,Frank,img_087.jpg
4,Isaac,img_060.jpg
40,Alice,img_081.jpg
41,Alice,img_023.jpg
42,Charlie,img_027.jpg
43,Diana,img_055.jpg
44,Alice,img_064.jpg
45,Jack,img_072.jpg
46,Alice,img_083.jpg
47,Alice,img_013.jpg
48,Alice,img_038.jpg
49,Alice,img_065.jpg
5,Hannah,img_003.jpg
50,Bob,img_054.jpg
51,Hannah,img_025.jpg
52,Grace,img_061.jpg
53,Eve,img_017.jpg
54,Isaac,img_056.jpg
55,Bob,img_001.jpg
56,Bob,img_026.jpg
57,Diana,img_043.jpg
58,Grace,img_012.jpg
59,Hannah,img_020.jpg
6,Isaac,img_060.jpg
60,Bob,img_098.jpg
61,Diana,img_074.jpg
62,Eve,img_036.jpg
63,Bob,img_095.jpg
64,Grace,img_078.jpg
65,Alice,img_048.jpg
66,Hannah,img_038.jpg
67,Hannah,img_007.jpg
68,Hannah,img_049.jpg
69,Eve,img_073.jpg
7,Grace,img_094.jpg
70,Grace,img_040.jpg
71,Hannah,img_076.jpg
72,Eve,img_075.jpg
73,Hannah,img_041.jpg
74,Hannah,img_016.jpg
75,Charlie,img_043.jpg
76,Eve,img_089.jpg
77,Eve,img_074.jpg
78,Jack,img_065.jpg
79,Alice,img_001.jpg
8,Diana,img_008.jpg
80,Hannah,img_032.jpg
81,Diana,img_060.jpg
82,Bob,img_040.jpg
83,Jack,img_003.jpg
84,Hannah,img_062.jpg
85,Alice,img_077.jpg
86,Frank,img_053.jpg
87,Jack,img_001.jpg
88,Bob,img_012.jpg
89,Alice,img_097.jpg
9,Bob,img_081.jpg
90,Isaac,img_034.jpg
91,Hannah,img_030.jpg
92,Diana,img_067.jpg
93,Hannah,img_082.jpg
94,Bob,img_076.jpg
95,Eve,img_023.jpg
96,Grace,img_066.jpg
97,Hannah,img_038.jpg
98,Bob,img_095.jpg
99,Hannah,img_018.jpg